id,work,year,voice,token_count,type_token_ratio,sentiment
g01,Godot (sample),1953,dialog,17,0.8823529411764706,0.0
g02,Godot (sample),1953,dialog,16,1.0,0.0625
g03,Godot (sample),1953,dialog,19,0.8947368421052632,0.05263157894736842
g04,Godot (sample),1953,dialog,15,0.9333333333333333,0.0
n01,Notes (sample),1864,monologue,15,0.8666666666666667,-0.13333333333333333
n02,Notes (sample),1864,monologue,16,0.9375,0.0625
n03,Notes (sample),1864,monologue,16,0.875,-0.0625
n04,Notes (sample),1864,monologue,15,1.0,0.0
